Name	X	Y	Z	ScaleX	ScaleY	ScaleZ	Quat_s	Quat_x	Quat_y	Quat_z	Type
Cube	0.0	0.0	0.0	9.081296920776367	0.13305652141571045	2.000000238418579	0.7071067690849304	0.0	0.7071067690849304	0.0	Cube
