Name	X	Y	Z	ScaleX	ScaleY	ScaleZ	Quat_s	Quat_x	Quat_y	Quat_z	Type
Cube	0.010215945541858673	-0.4276293218135834	1.0322773456573486	9.081296920776367	0.13305655121803284	5.962582588195801	0.7071067690849304	0.0	0.7071067690849304	0.0	Cube
Cube.005	0.010216116905212402	4.046499252319336	5.639314651489258	9.08129596710205	0.13305652141571045	5.962581634521484	0.4999999701976776	0.5	0.5	-0.5	Cube
Cube.007	0.0102156400680542	-3.618870258331299	-6.671591758728027	9.08129596710205	0.13305652141571045	5.962582111358643	0.6532814502716064	0.27059805393218994	0.6532815098762512	-0.27059805393218994	Cube
