Name	X	Y	Z	ScaleX	ScaleY	ScaleZ	Quat_s	Quat_x	Quat_y	Quat_z	Type
Cube	7.017183240162922e-18	-2.154170036315918	2.2772397994995117	9.08129596710205	0.13305652141571045	2.0	1.0	0.0	0.0	0.0	Cube
Cube.001	0.0	2.2638254165649414	-2.145864486694336	9.08129596710205	0.13305652141571045	2.0	1.0	0.0	0.0	0.0	Cube
