Name	X	Y	Z	ScaleX	ScaleY	ScaleZ	Quat_s	Quat_x	Quat_y	Quat_z	Type
Cube	4.56268908356869e-16	-0.42762935161590576	1.0322773456573486	9.08129596710205	0.13305655121803284	5.962582111358643	1.0	0.0	0.0	0.0	Cube
Cube.005	0.010216116905212402	4.046499729156494	5.639314651489258	9.08129596710205	0.13305653631687164	5.962582111358643	0.7071067690849304	0.0	0.0	0.7071067690849304	Cube
Cube.007	0.0102156400680542	-3.618870258331299	-6.671591758728027	9.08129596710205	0.13305652141571045	5.962582111358643	1.0	0.0	0.0	0.0	Cube
