Name	X	Y	Z	ScaleX	ScaleY	ScaleZ	Quat_s	Quat_x	Quat_y	Quat_z	Type
Cube	0.0	0.0	0.0	2.0	9.08129596710205	0.13305678963661194	1.0	0.0	0.0	0.0	Cube
