Name	X	Y	Z	ScaleX	ScaleY	ScaleZ	Quat_s	Quat_x	Quat_y	Quat_z	Type
Cube.013	0.0	0.0	0.0	8.918886184692383	4.884385585784912	9.446380615234375	1.0	0.0	0.0	0.0	Cube
