Name	X	Y	Z	ScaleX	ScaleY	ScaleZ	Quat_s	Quat_x	Quat_y	Quat_z	Type
Cylinder	0.0	0.0	0.0	1.2095539569854736	3.3063387870788574	1.2095539569854736	1.0	0.0	0.0	0.0	Cube
