Name	X	Y	Z	ScaleX	ScaleY	ScaleZ	Quat_s	Quat_x	Quat_y	Quat_z	Type
Sphere.011	0.0	0.0	0.0	52.17474365234375	102.46710205078125	38.86212921142578	1.0	0.0	0.0	0.0	Cube
