Name	X	Y	Z	ScaleX	ScaleY	ScaleZ	Quat_s	Quat_x	Quat_y	Quat_z	Type
Sphere.011	0	0	0	5.21747446060181	10.2467098236084	3.88621282577515	1	0	180	0	Cube
