Name	X	Y	Z	ScaleX	ScaleY	ScaleZ	Quat_s	Quat_x	Quat_y	Quat_z	Type
Cube	0.0	0.0	0.0	0.5	0.10000000149011612	0.5	1.0	0.0	0.0	0.0	Cube
Cube.001	0.0	0.0	0.0	0.5	0.10000000149011612	0.5	1.0	0.0	0.0	0.0	Cube
Cube.002	0.0	0.0	0.0	0.5	0.10000000149011612	0.5	1.0	0.0	0.0	0.0	Cube
