Name	X	Y	Z	ScaleX	ScaleY	ScaleZ	Quat_s	Quat_x	Quat_y	Quat_z	Type
Cube	0.0	0.0	0.0	1.000941514968872	1.000941514968872	1.000941514968872	1.0	0.0	0.0	0.0	Cube
